{
    "num_angle": 64,
    "th_min": 0.9698463103929541,
    "gripper":
    {
        "max_width": 0.08,
        "depth": 0.10327
    }
}